AdditiveMaterialCost,ProductionVolume,DefectRate,EnergyEfficiency,QualityScore
499.982781747508,305,4.7644324388649,0.251360224476371,72.1109436942677
499.929500078745,138,2.1346078035298,0.337729644914487,75.1655726309037
499.662843277709,434,4.57814406532041,0.295690604196006,70.6059600886804
499.571263725248,349,4.86525812017131,0.377498360838214,96.3090137251737
499.364504494312,863,3.07341360217279,0.207597362653964,79.4243327198739
